SALDO_ATUAL;RESIDENCIADESDE;IDADE;OUTROSPLANOSPGTO;DATA;ESTADOCIVIL;PROPOSITO;CLASSE
1169;4;67;nenhum;01/01/2019;masculino solteiro;radio/tv;bom
5951;2;22;nenhum;01/01/2020;fem div/cas;radio/tv;ruim
2096;3;49;nenhum;02/01/2020;masculino solteiro;educação;bom
7882;4;45;nenhum;02/01/2019;masculino solteiro;mobilia/equipamento;bom
4870;4;53;nenhum;03/01/2018;masculino solteiro;carro novo;ruim
9055;4;35;nenhum;04/01/2020;masculino solteiro;educação;bom
2835;4;53;nenhum;06/01/2019;masculino solteiro;mobilia/equipamento;bom
6948;2;35;nenhum;06/01/2019;masculino solteiro;carro usado;bom
3059;4;61;nenhum;06/01/2020;masculino div/sep;radio/tv;bom
5234;2;28;nenhum;06/01/2020;masculino casado/viuvo;carro novo;ruim
1295;1;25;nenhum;08/01/2019;;carro novo;ruim
4308;4;24;nenhum;09/01/2018;fem div/cas;negócios;ruim
1567;1;22;nenhum;10/01/2019;fem div/cas;radio/tv;bom
1199;4;60;nenhum;12/01/2020;masculino solteiro;carro novo;ruim
1403;4;28;nenhum;12/01/2018;fem div/cas;carro novo;bom
;2;32;nenhum;13/01/2020;fem div/cas;radio/tv;ruim
2424;4;53;nenhum;13/01/2019;masculino solteiro;radio/tv;bom
8072;3;25;banco;14/01/2019;masculino solteiro;negócios;bom
12579;2;44;nenhum;14/01/2019;fem div/cas;carro usado;ruim
3430;2;31;nenhum;15/01/2018;masculino solteiro;radio/tv;bom
2134;4;48;nenhum;17/01/2019;masculino solteiro;carro novo;bom
2647;3;44;nenhum;17/01/2020;masculino solteiro;radio/tv;bom
;3;48;nenhum;17/01/2018;masculino solteiro;carro novo;bom
1804;4;44;nenhum;18/01/2019;masculino solteiro;carro usado;bom
2069;1;26;nenhum;19/01/2019;masculino casado/viuvo;mobilia/equipamento;bom
1374;2;36;banco;21/01/2018;masculino solteiro;mobilia/equipamento;bom
426;4;39;nenhum;21/01/2018;masculino casado/viuvo;radio/tv;bom
409;3;42;nenhum;22/01/2020;fem div/cas;radio/tv;bom
2415;2;34;nenhum;22/01/2018;masculino solteiro;radio/tv;bom
;4;63;nenhum;23/01/2019;masculino solteiro;negócios;ruim
1913;3;36;banco;23/01/2018;masculino casado/viuvo;negócios;bom
4020;2;27;stores;24/01/2020;masculino solteiro;mobilia/equipamento;bom
5866;2;30;nenhum;24/01/2019;masculino solteiro;carro novo;bom
1264;4;57;nenhum;24/01/2020;masculino solteiro;negócios;bom
1474;1;33;banco;26/01/2020;fem div/cas;mobilia/equipamento;bom
4746;2;25;nenhum;27/01/2019;masculino solteiro;radio/tv;ruim
6110;3;31;banco;27/01/2018;masculino solteiro;educação;bom
2100;2;37;stores;27/01/2020;masculino solteiro;radio/tv;ruim
1225;2;37;nenhum;27/01/2020;;Eletrodomésticos;bom
458;3;24;nenhum;29/01/2019;masculino solteiro;radio/tv;bom
2333;2;30;banco;30/01/2018;masculino solteiro;radio/tv;bom
1158;1;26;nenhum;30/01/2018;masculino div/sep;radio/tv;bom
6204;4;44;nenhum;01/02/2019;masculino solteiro;obras;bom
6187;4;24;nenhum;02/02/2019;masculino casado/viuvo;carro usado;bom
6143;4;58;stores;02/02/2019;fem div/cas;carro usado;ruim
1393;4;35;nenhum;03/02/2019;fem div/cas;carro novo;bom
2299;4;39;nenhum;05/02/2020;masculino solteiro;radio/tv;bom
1352;2;23;nenhum;08/02/2018;fem div/cas;carro usado;bom
7228;4;39;nenhum;09/02/2020;masculino solteiro;carro novo;bom
2073;2;28;nenhum;09/02/2020;fem div/cas;radio/tv;bom
2333;2;29;banco;09/02/2019;masculino solteiro;mobilia/equipamento;bom
5965;2;30;nenhum;10/02/2019;masculino solteiro;carro usado;bom
1262;2;25;nenhum;10/02/2018;masculino solteiro;radio/tv;bom
3378;1;31;nenhum;11/02/2018;masculino solteiro;carro usado;bom
2225;4;57;banco;11/02/2018;masculino solteiro;carro novo;ruim
783;2;26;stores;12/02/2020;masculino solteiro;carro novo;bom
6468;1;52;nenhum;13/02/2020;masculino solteiro;radio/tv;ruim
9566;2;31;stores;13/02/2020;fem div/cas;radio/tv;bom
1961;2;23;nenhum;14/02/2020;fem div/cas;carro novo;bom
6229;4;23;nenhum;14/02/2018;fem div/cas;mobilia/equipamento;ruim
1391;1;27;banco;15/02/2019;masculino casado/viuvo;negócios;bom
1537;4;50;nenhum;19/02/2018;masculino solteiro;radio/tv;bom
1953;4;61;nenhum;20/02/2018;masculino solteiro;negócios;ruim
14421;2;25;nenhum;21/02/2020;masculino solteiro;negócios;ruim
3181;4;26;nenhum;21/02/2019;fem div/cas;radio/tv;bom
5190;4;48;nenhum;21/02/2019;masculino solteiro;obras;bom
2171;2;29;banco;22/02/2020;fem div/cas;radio/tv;bom
1007;1;22;nenhum;24/02/2019;masculino casado/viuvo;carro novo;bom
1819;4;37;stores;24/02/2019;masculino solteiro;educação;ruim
2394;4;25;nenhum;24/02/2020;fem div/cas;radio/tv;bom
8133;2;30;banco;25/02/2020;fem div/cas;carro usado;bom
730;2;46;nenhum;27/02/2019;masculino solteiro;radio/tv;bom
1164;4;51;banco;27/02/2019;masculino solteiro;outros;bom
5954;1;41;banco;27/02/2019;fem div/cas;negócios;bom
1977;4;40;nenhum;28/02/2019;masculino solteiro;educação;ruim
1526;4;66;nenhum;02/03/2019;masculino solteiro;carro usado;bom
3965;3;34;nenhum;04/03/2019;masculino solteiro;radio/tv;ruim
4771;4;51;nenhum;04/03/2019;;radio/tv;bom
9436;2;39;nenhum;04/03/2019;masculino solteiro;carro usado;bom
3832;1;22;nenhum;04/03/2019;masculino casado/viuvo;mobilia/equipamento;bom
5943;1;44;nenhum;07/03/2020;fem div/cas;radio/tv;ruim
1213;3;47;stores;08/03/2018;masculino solteiro;radio/tv;bom
1568;4;24;nenhum;09/03/2019;fem div/cas;negócios;bom
1755;4;58;nenhum;10/03/2018;fem div/cas;outros;bom
2315;4;52;nenhum;11/03/2020;masculino solteiro;radio/tv;bom
1412;2;29;nenhum;12/03/2019;fem div/cas;negócios;bom
1295;1;27;nenhum;13/03/2019;fem div/cas;mobilia/equipamento;bom
12612;4;47;nenhum;14/03/2018;masculino solteiro;educação;ruim
2249;3;30;nenhum;14/03/2018;masculino solteiro;carro novo;bom
1108;3;28;nenhum;15/03/2020;masculino solteiro;obras;ruim
618;4;56;nenhum;15/03/2019;masculino solteiro;radio/tv;bom
1409;3;54;nenhum;17/03/2020;masculino solteiro;carro usado;bom
797;3;33;banco;17/03/2018;fem div/cas;radio/tv;ruim
3617;4;20;nenhum;18/03/2019;masculino solteiro;mobilia/equipamento;bom
1318;4;54;nenhum;18/03/2018;masculino solteiro;carro novo;bom
15945;4;58;nenhum;19/03/2019;masculino solteiro;negócios;ruim
2012;2;61;nenhum;23/03/2019;fem div/cas;educação;bom
2622;4;34;nenhum;23/03/2020;masculino solteiro;negócios;bom
2337;4;36;nenhum;23/03/2018;masculino solteiro;radio/tv;bom
7057;4;36;banco;23/03/2019;masculino solteiro;carro usado;bom
1469;4;41;nenhum;28/03/2020;masculino casado/viuvo;carro novo;bom
2323;4;24;nenhum;29/03/2018;masculino solteiro;radio/tv;bom
932;2;24;nenhum;30/03/2019;fem div/cas;radio/tv;bom
1919;3;35;nenhum;30/03/2018;masculino solteiro;mobilia/equipamento;bom
2445;4;26;nenhum;01/04/2018;masculino casado/viuvo;carro usado;bom
11938;3;39;nenhum;01/04/2019;masculino solteiro;outros;ruim
6458;4;39;banco;02/04/2020;masculino solteiro;carro novo;ruim
6078;2;32;nenhum;04/04/2020;masculino solteiro;carro novo;bom
7721;2;30;nenhum;05/04/2020;fem div/cas;mobilia/equipamento;bom
1410;2;35;nenhum;10/04/2019;masculino casado/viuvo;negócios;bom
1449;2;31;banco;11/04/2020;masculino div/sep;negócios;bom
392;4;23;nenhum;12/04/2018;fem div/cas;educação;bom
6260;3;28;nenhum;13/04/2020;masculino solteiro;carro novo;bom
7855;2;25;stores;13/04/2019;fem div/cas;carro novo;ruim
1680;1;35;nenhum;13/04/2020;masculino casado/viuvo;radio/tv;bom
3578;1;47;nenhum;14/04/2019;masculino solteiro;radio/tv;bom
7174;3;30;nenhum;14/04/2018;fem div/cas;radio/tv;ruim
2132;3;27;nenhum;16/04/2019;fem div/cas;mobilia/equipamento;bom
4281;4;23;nenhum;17/04/2020;fem div/cas;mobilia/equipamento;ruim
2366;3;36;nenhum;17/04/2019;masculino div/sep;carro novo;bom
1835;2;25;nenhum;17/04/2019;fem div/cas;radio/tv;ruim
3868;2;41;nenhum;18/04/2018;fem div/cas;carro usado;bom
1768;2;24;nenhum;18/04/2019;masculino solteiro;mobilia/equipamento;bom
781;4;63;nenhum;19/04/2019;masculino solteiro;carro novo;bom
1924;3;27;nenhum;20/04/2019;fem div/cas;mobilia/equipamento;ruim
2121;2;30;nenhum;21/04/2018;masculino solteiro;carro novo;bom
701;2;40;nenhum;21/04/2020;masculino casado/viuvo;radio/tv;bom
2541111000;2;30;nenhum;22/04/2020;masculino solteiro;obras;ruim
1860;2;34;nenhum;23/04/2018;masculino solteiro;carro usado;bom
3499;2;29;nenhum;23/04/2018;fem div/cas;carro novo;ruim
8487;2;0;nenhum;25/04/2019;fem div/cas;carro novo;bom
6887;3;29;stores;26/04/2020;masculino solteiro;educação;ruim
2708;3;27;banco;26/04/2019;masculino solteiro;mobilia/equipamento;bom
1984;4;47;banco;29/04/2019;masculino solteiro;mobilia/equipamento;bom
10144;4;21;nenhum;29/04/2019;fem div/cas;radio/tv;bom
1240;2;0;nenhum;29/04/2020;fem div/cas;radio/tv;bom
8613;2;27;nenhum;01/05/2019;masculino solteiro;carro usado;bom
766;3;66;nenhum;01/05/2020;masculino solteiro;radio/tv;ruim
2728;2;35;banco;03/05/2020;masculino solteiro;radio/tv;bom
1881;2;44;nenhum;04/05/2020;fem div/cas;radio/tv;bom
709;2;27;nenhum;05/05/2018;masculino casado/viuvo;carro novo;bom
4795;1;30;nenhum;05/05/2020;fem div/cas;radio/tv;bom
3416;2;27;nenhum;05/05/2018;masculino solteiro;radio/tv;bom
2462;2;22;nenhum;06/05/2018;masculino solteiro;mobilia/equipamento;ruim
2288;4;23;nenhum;06/05/2019;fem div/cas;mobilia/equipamento;bom
3566;2;30;nenhum;06/05/2018;masculino solteiro;negócios;bom
860;4;39;nenhum;08/05/2018;fem div/cas;carro novo;bom
682;3;51;nenhum;09/05/2018;fem div/cas;carro novo;bom
5371;2;28;nenhum;09/05/2018;masculino solteiro;mobilia/equipamento;bom
1582;4;46;nenhum;10/05/2020;masculino solteiro;radio/tv;bom
1346;4;42;banco;13/05/2020;masculino solteiro;radio/tv;bom
1924;4;38;nenhum;14/05/2018;masculino solteiro;radio/tv;bom
5848;1;24;nenhum;14/05/2018;masculino solteiro;radio/tv;bom
7758;4;29;nenhum;14/05/2018;fem div/cas;carro usado;bom
6967;4;0;nenhum;15/05/2018;masculino solteiro;negócios;bom
1282;4;20;nenhum;17/05/2019;fem div/cas;mobilia/equipamento;ruim
1288;4;48;nenhum;17/05/2020;masculino solteiro;obras;bom
339;1;45;banco;18/05/2018;masculino casado/viuvo;qualificação;bom
3512;3;38;banco;19/05/2018;masculino solteiro;carro novo;bom
1898;2;34;nenhum;19/05/2018;masculino solteiro;radio/tv;bom
21544411255;4;36;nenhum;22/05/2020;masculino solteiro;radio/tv;bom
1055;1;30;nenhum;23/05/2018;fem div/cas;carro novo;bom
1262;3;36;nenhum;24/05/2020;masculino solteiro;Eletrodomésticos;bom
7308;4;70;banco;26/05/2020;masculino solteiro;carro novo;bom
909;4;480;nenhum;27/05/2020;masculino solteiro;carro novo;bom
2978;2;32;nenhum;28/05/2019;masculino solteiro;mobilia/equipamento;bom
1131;2;33;nenhum;28/05/2019;fem div/cas;mobilia/equipamento;ruim
1577;1;20;nenhum;30/05/2020;fem div/cas;mobilia/equipamento;bom
3972;4;25;nenhum;30/05/2019;fem div/cas;mobilia/equipamento;bom
1935;4;31;nenhum;30/05/2018;masculino div/sep;negócios;ruim
950;3;33;nenhum;30/05/2019;masculino solteiro;carro novo;ruim
763;1;26;nenhum;02/06/2018;fem div/cas;mobilia/equipamento;bom
2064;2;34;nenhum;04/06/2020;fem div/cas;mobilia/equipamento;ruim
1414;2;33;nenhum;06/06/2020;masculino solteiro;radio/tv;bom
3414;1;26;nenhum;08/06/2018;masculino solteiro;educação;ruim
7485;1;53;banco;09/06/2019;fem div/cas;carro usado;ruim
2577;1;42;nenhum;12/06/2019;masculino div/sep;mobilia/equipamento;bom
338;4;52;nenhum;15/06/2020;masculino solteiro;radio/tv;bom
1963;2;31;nenhum;15/06/2019;masculino solteiro;radio/tv;bom
571;4;0;nenhum;15/06/2018;masculino solteiro;carro novo;bom
9572;1;28;nenhum;15/06/2020;masculino div/sep;negócios;ruim
4455;2;30;stores;16/06/2018;masculino div/sep;negócios;ruim
1647;2;40;nenhum;16/06/2019;masculino solteiro;carro novo;ruim
3777;4;50;nenhum;17/06/2020;masculino solteiro;mobilia/equipamento;bom
884;4;36;banco;17/06/2018;masculino solteiro;carro novo;ruim
1360;2;31;nenhum;17/06/2020;masculino solteiro;radio/tv;bom
5129;4;74;banco;17/06/2018;fem div/cas;carro usado;ruim
1175;3;68;nenhum;19/06/2020;masculino solteiro;carro novo;bom
674;1;20;nenhum;20/06/2018;masculino casado/viuvo;radio/tv;ruim
3244;4;33;banco;21/06/2019;fem div/cas;mobilia/equipamento;bom
4591;3;54;nenhum;24/06/2019;masculino solteiro;negócios;ruim
3844;4;34;nenhum;25/06/2018;masculino solteiro;negócios;ruim
3915;2;36;nenhum;26/06/2018;masculino solteiro;negócios;ruim
2108;2;29;nenhum;27/06/2018;masculino casado/viuvo;radio/tv;bom
3031;4;21;nenhum;28/06/2019;masculino solteiro;radio/tv;ruim
1501;3;34;nenhum;29/06/2018;fem div/cas;educação;ruim
1382;1;200;nenhum;30/06/2018;fem div/cas;radio/tv;bom
951;4;27;banco;03/07/2018;fem div/cas;mobilia/equipamento;ruim
2760;4;36;banco;04/07/2019;masculino solteiro;carro usado;bom
4297;3;40;nenhum;05/07/2018;masculino div/sep;mobilia/equipamento;ruim
936;2;52;nenhum;05/07/2018;masculino solteiro;educação;bom
1168;3;27;nenhum;05/07/2020;masculino casado/viuvo;carro novo;bom
5117;4;26;nenhum;06/07/2018;masculino solteiro;negócios;bom
902;4;21;nenhum;06/07/2019;masculino casado/viuvo;qualificação;ruim
1495;1;38;nenhum;06/07/2019;masculino solteiro;carro novo;bom
10623;4;38;nenhum;06/07/2018;masculino solteiro;carro usado;bom
1935;4;43;nenhum;09/07/2018;masculino solteiro;mobilia/equipamento;bom
1424;3;26;nenhum;10/07/2018;masculino solteiro;Eletrodomésticos;bom
6568;2;21;stores;11/07/2018;masculino casado/viuvo;negócios;bom
1413;2;55;nenhum;11/07/2020;masculino solteiro;carro usado;bom
3074;2;33;nenhum;12/07/2018;masculino solteiro;radio/tv;bom
3835;4;45;nenhum;13/07/2019;fem div/cas;radio/tv;bom
5293;4;50;stores;15/07/2019;masculino solteiro;negócios;ruim
1908;4;66;nenhum;16/07/2019;masculino solteiro;negócios;ruim
3342;2;51;nenhum;16/07/2019;masculino solteiro;radio/tv;bom
932;3;39;nenhum;17/07/2018;fem div/cas;qualificação;bom
3104;1;31;banco;18/07/2020;masculino solteiro;negócios;bom
3913;2;23;nenhum;18/07/2018;masculino solteiro;radio/tv;bom
3021;2;24;nenhum;19/07/2018;masculino div/sep;mobilia/equipamento;bom
1364;4;64;nenhum;20/07/2020;fem div/cas;carro novo;bom
625;1;26;banco;21/07/2018;masculino casado/viuvo;radio/tv;bom
1200;4;23;banco;23/07/2018;fem div/cas;educação;bom
707;2;30;banco;25/07/2018;masculino solteiro;radio/tv;bom
2978;4;32;nenhum;25/07/2018;masculino solteiro;negócios;bom
4657;2;30;nenhum;27/07/2018;masculino solteiro;carro usado;bom
2613;2;27;nenhum;28/07/2020;masculino solteiro;obras;bom
10961;2;27;banco;28/07/2018;masculino solteiro;radio/tv;ruim
7865;4;53;nenhum;30/07/2018;masculino solteiro;mobilia/equipamento;ruim
1478;2;22;nenhum;02/08/2020;masculino solteiro;radio/tv;ruim
3149;1;22;banco;05/08/2018;masculino solteiro;mobilia/equipamento;bom
4210;2;26;nenhum;06/08/2018;masculino solteiro;radio/tv;ruim
2507;4;51;nenhum;06/08/2019;masculino solteiro;carro novo;bom
2141;1;35;nenhum;09/08/2020;masculino solteiro;radio/tv;bom
866;2;25;nenhum;09/08/2019;masculino casado/viuvo;radio/tv;bom
1544;1;42;nenhum;09/08/2020;masculino solteiro;radio/tv;bom
1823;2;30;stores;10/08/2019;masculino solteiro;radio/tv;ruim
14555;2;23;nenhum;10/08/2020;masculino solteiro;carro novo;ruim
2767;2;61;banco;11/08/2018;masculino div/sep;negócios;ruim
1291;2;35;nenhum;11/08/2018;fem div/cas;radio/tv;bom
2522;3;39;nenhum;12/08/2020;masculino solteiro;radio/tv;bom
915;2;29;banco;12/08/2019;fem div/cas;carro novo;ruim
1595;2;51;nenhum;12/08/2019;masculino solteiro;radio/tv;bom
4605;4;24;nenhum;15/08/2019;masculino solteiro;carro usado;ruim
1185;2;27;nenhum;15/08/2019;fem div/cas;negócios;bom
3447;3;35;nenhum;16/08/2019;fem div/cas;qualificação;bom
1258;1;25;nenhum;16/08/2019;masculino solteiro;negócios;bom
717;4;52;nenhum;16/08/2020;masculino solteiro;radio/tv;bom
1204;1;35;banco;18/08/2018;;carro novo;bom
1925;2;26;nenhum;18/08/2018;masculino solteiro;mobilia/equipamento;bom
433;4;22;nenhum;20/08/2018;fem div/cas;radio/tv;ruim
666;4;39;nenhum;20/08/2019;fem div/cas;carro novo;bom
2251;2;46;nenhum;21/08/2019;fem div/cas;mobilia/equipamento;bom
2150;2;24;banco;22/08/2020;fem div/cas;carro novo;ruim
4151;3;35;nenhum;22/08/2020;masculino solteiro;mobilia/equipamento;bom
2030;1;24;nenhum;22/08/2019;masculino solteiro;mobilia/equipamento;bom
7418;1;27;nenhum;23/08/2020;masculino solteiro;radio/tv;bom
2684;2;35;nenhum;25/08/2020;masculino solteiro;radio/tv;bom
2149;1;29;nenhum;26/08/2018;masculino div/sep;radio/tv;ruim
3812;4;23;nenhum;26/08/2019;fem div/cas;carro usado;bom
1154;4;57;nenhum;27/08/2020;fem div/cas;radio/tv;bom
1657;2;27;nenhum;31/08/2020;masculino solteiro;mobilia/equipamento;bom
1603;4;55;nenhum;02/09/2020;fem div/cas;radio/tv;bom
5302;4;36;nenhum;04/09/2019;masculino solteiro;carro novo;bom
2748;4;57;banco;05/09/2019;fem div/cas;educação;bom
1231;4;32;nenhum;05/09/2019;masculino solteiro;carro novo;bom
802;3;37;nenhum;06/09/2019;masculino solteiro;radio/tv;ruim
6304;4;36;nenhum;07/09/2020;masculino solteiro;negócios;bom
1533;3;38;stores;08/09/2018;fem div/cas;radio/tv;bom
8978;4;45;nenhum;09/09/2019;masculino div/sep;carro novo;ruim
999;2;25;nenhum;10/09/2019;masculino solteiro;radio/tv;bom
2662;3;32;nenhum;11/09/2018;masculino solteiro;carro novo;bom
1402;4;37;nenhum;12/09/2020;fem div/cas;mobilia/equipamento;bom
12169;4;36;nenhum;13/09/2018;masculino solteiro;carro novo;bom
3060;4;28;nenhum;15/09/2019;masculino solteiro;radio/tv;ruim
11998;1;34;nenhum;16/09/2020;masculino div/sep;obras;ruim
2697;2;32;nenhum;17/09/2018;masculino solteiro;radio/tv;bom
2404;2;26;nenhum;18/09/2018;fem div/cas;radio/tv;bom
1262;4;49;nenhum;18/09/2020;masculino div/sep;mobilia/equipamento;bom
4611;4;32;nenhum;19/09/2019;fem div/cas;mobilia/equipamento;ruim
1901;4;29;nenhum;22/09/2020;masculino solteiro;radio/tv;bom
3368;4;23;nenhum;24/09/2020;masculino solteiro;carro usado;bom
1574;2;50;nenhum;25/09/2020;masculino solteiro;mobilia/equipamento;bom
1445;4;49;banco;25/09/2020;masculino solteiro;radio/tv;bom
1520;4;63;nenhum;25/09/2018;masculino solteiro;mobilia/equipamento;bom
3878;2;37;nenhum;26/09/2019;masculino div/sep;carro novo;bom
10722;1;35;nenhum;26/09/2018;fem div/cas;carro novo;bom
4788;3;26;nenhum;26/09/2019;masculino solteiro;carro usado;bom
7582;4;31;nenhum;27/09/2020;masculino solteiro;outros;bom
1092;4;49;nenhum;28/09/2020;fem div/cas;radio/tv;bom
1024;4;48;stores;28/09/2018;masculino casado/viuvo;radio/tv;ruim
1076;2;26;nenhum;29/09/2018;masculino casado/viuvo;negócios;bom
9398;4;28;nenhum;29/09/2020;masculino casado/viuvo;carro usado;ruim
6419;4;44;nenhum;01/10/2020;fem div/cas;carro usado;bom
4796;4;56;nenhum;02/10/2019;masculino solteiro;carro usado;bom
7629;2;46;banco;02/10/2020;masculino div/sep;negócios;bom
9960;2;26;nenhum;06/10/2019;fem div/cas;mobilia/equipamento;ruim
4675;4;20;nenhum;07/10/2020;fem div/cas;carro usado;bom
1287;2;45;nenhum;09/10/2019;masculino solteiro;carro novo;bom
2515;4;43;nenhum;10/10/2020;masculino solteiro;mobilia/equipamento;bom
2745;2;32;nenhum;12/10/2020;masculino solteiro;mobilia/equipamento;bom
672;4;54;nenhum;13/10/2018;fem div/cas;carro novo;bom
3804;1;42;nenhum;13/10/2018;fem div/cas;radio/tv;ruim
1344;2;37;banco;15/10/2020;masculino solteiro;carro novo;ruim
1038;3;49;nenhum;15/10/2019;masculino solteiro;carro novo;bom
10127;2;44;banco;16/10/2019;masculino solteiro;carro novo;ruim
1543;2;33;nenhum;16/10/2018;masculino div/sep;mobilia/equipamento;bom
4811;4;24;stores;16/10/2018;fem div/cas;carro usado;bom
727;3;33;nenhum;17/10/2019;masculino casado/viuvo;radio/tv;ruim
1237;4;24;nenhum;18/10/2019;fem div/cas;mobilia/equipamento;ruim
276;4;22;nenhum;18/10/2018;masculino casado/viuvo;carro novo;bom
5381;4;40;banco;20/10/2019;masculino solteiro;outros;bom
5511;1;25;stores;22/10/2019;masculino solteiro;mobilia/equipamento;bom
3749;4;26;nenhum;22/10/2019;fem div/cas;mobilia/equipamento;bom
685;3;25;banco;23/10/2018;masculino casado/viuvo;carro novo;ruim
1494;2;29;nenhum;25/10/2019;masculino solteiro;carro novo;bom
2746;4;31;banco;25/10/2019;masculino solteiro;mobilia/equipamento;ruim
708;3;38;nenhum;26/10/2020;masculino solteiro;mobilia/equipamento;bom
4351;4;48;nenhum;26/10/2018;fem div/cas;mobilia/equipamento;bom
701;2;32;nenhum;26/10/2020;masculino solteiro;educação;bom
3643;4;27;nenhum;27/10/2020;fem div/cas;mobilia/equipamento;bom
4249;2;28;nenhum;27/10/2019;masculino casado/viuvo;carro novo;ruim
1938;3;32;nenhum;28/10/2018;masculino div/sep;radio/tv;ruim
2910;1;34;nenhum;28/10/2019;masculino solteiro;carro usado;bom
2659;2;28;nenhum;31/10/2020;masculino solteiro;mobilia/equipamento;bom
1028;3;36;nenhum;31/10/2018;fem div/cas;carro novo;bom
3398;4;39;nenhum;01/11/2019;masculino solteiro;carro novo;bom
5801;4;49;nenhum;01/11/2018;masculino solteiro;mobilia/equipamento;bom
1525;3;34;nenhum;01/11/2020;fem div/cas;carro novo;bom
4473;2;31;nenhum;02/11/2019;masculino solteiro;radio/tv;bom
1068;4;28;nenhum;02/11/2019;masculino solteiro;radio/tv;bom
6615;4;75;nenhum;02/11/2018;masculino solteiro;carro usado;bom
1864;2;30;nenhum;03/11/2018;fem div/cas;educação;ruim
7408;2;24;nenhum;04/11/2018;fem div/cas;carro novo;ruim
11590;4;24;banco;05/11/2019;fem div/cas;carro usado;ruim
4110;4;23;banco;07/11/2018;masculino solteiro;mobilia/equipamento;ruim
3384;4;44;nenhum;07/11/2020;masculino div/sep;mobilia/equipamento;ruim
2101;4;23;nenhum;09/11/2018;fem div/cas;radio/tv;bom
1275;2;24;nenhum;09/11/2018;fem div/cas;Eletrodomésticos;ruim
4169;4;28;nenhum;10/11/2018;masculino solteiro;mobilia/equipamento;bom
1521;2;31;nenhum;11/11/2019;masculino div/sep;mobilia/equipamento;bom
5743;4;24;nenhum;12/11/2019;fem div/cas;educação;bom
3599;4;26;nenhum;12/11/2019;fem div/cas;mobilia/equipamento;bom
3213;3;25;nenhum;13/11/2019;masculino casado/viuvo;radio/tv;bom
4439;1;33;banco;15/11/2019;masculino solteiro;negócios;bom
3949;1;37;nenhum;16/11/2018;masculino solteiro;carro novo;bom
1459;2;43;nenhum;16/11/2018;fem div/cas;radio/tv;bom
882;4;23;nenhum;17/11/2018;masculino solteiro;radio/tv;bom
3758;4;23;nenhum;17/11/2020;fem div/cas;radio/tv;bom
1743;2;34;nenhum;19/11/2019;masculino solteiro;negócios;bom
1136;3;32;nenhum;19/11/2018;masculino solteiro;educação;ruim
1236;4;23;nenhum;21/11/2020;fem div/cas;Eletrodomésticos;bom
959;2;29;nenhum;22/11/2020;fem div/cas;mobilia/equipamento;ruim
3229;4;38;nenhum;22/11/2018;masculino solteiro;carro usado;bom
6199;2;28;nenhum;22/11/2018;masculino solteiro;radio/tv;ruim
727;4;46;nenhum;23/11/2019;masculino solteiro;educação;bom
1246;2;23;stores;23/11/2018;masculino solteiro;carro novo;ruim
2331;4;49;nenhum;24/11/2020;masculino solteiro;radio/tv;bom
4463;2;26;nenhum;24/11/2018;masculino solteiro;radio/tv;ruim
776;2;28;nenhum;25/11/2020;masculino casado/viuvo;radio/tv;bom
2406;4;23;nenhum;25/11/2019;fem div/cas;mobilia/equipamento;ruim
1239;4;61;nenhum;25/11/2018;masculino solteiro;educação;bom
3399;3;37;nenhum;25/11/2020;masculino solteiro;radio/tv;bom
2247;2;36;stores;28/11/2019;fem div/cas;carro novo;bom
1766;2;21;nenhum;29/11/2018;masculino casado/viuvo;mobilia/equipamento;bom
2473;1;25;nenhum;30/11/2018;;mobilia/equipamento;ruim
1542;4;36;nenhum;30/11/2019;masculino solteiro;negócios;bom
3850;1;27;nenhum;01/12/2020;masculino solteiro;carro usado;bom
3650;4;22;nenhum;02/12/2020;fem div/cas;mobilia/equipamento;bom
3446;2;42;nenhum;02/12/2019;masculino solteiro;mobilia/equipamento;ruim
3001;4;40;nenhum;03/12/2020;fem div/cas;mobilia/equipamento;bom
3079;4;36;nenhum;04/12/2019;masculino solteiro;carro novo;bom
6070;4;33;nenhum;04/12/2020;masculino solteiro;radio/tv;bom
2146;3;23;nenhum;05/12/2018;fem div/cas;mobilia/equipamento;bom
13756;4;63;banco;05/12/2019;masculino solteiro;carro novo;bom
14782;4;60;banco;06/12/2019;fem div/cas;outros;ruim
7685;4;37;nenhum;09/12/2020;fem div/cas;negócios;ruim
2320;3;34;nenhum;10/12/2019;masculino casado/viuvo;radio/tv;bom
846;4;36;nenhum;10/12/2018;masculino solteiro;radio/tv;bom
14318;2;57;nenhum;11/12/2020;masculino solteiro;carro novo;ruim
362;4;52;nenhum;12/12/2019;fem div/cas;carro novo;bom
2212;4;39;nenhum;12/12/2020;masculino solteiro;mobilia/equipamento;bom
12976;4;38;nenhum;13/12/2019;fem div/cas;carro usado;ruim
1283;4;25;nenhum;13/12/2020;fem div/cas;carro novo;bom
1330;1;26;nenhum;14/12/2019;masculino solteiro;carro novo;bom
4272;2;26;nenhum;15/12/2020;masculino solteiro;negócios;bom
2238;1;25;nenhum;16/12/2019;fem div/cas;radio/tv;bom
1126;2;21;nenhum;17/12/2019;fem div/cas;radio/tv;bom
7374;4;40;stores;18/12/2020;masculino solteiro;mobilia/equipamento;bom
2326;4;27;banco;19/12/2020;masculino solteiro;negócios;bom
1449;2;27;nenhum;20/12/2020;fem div/cas;negócios;bom
1820;2;30;nenhum;20/12/2018;masculino casado/viuvo;carro novo;bom
983;4;19;nenhum;20/12/2018;fem div/cas;mobilia/equipamento;bom
3249;4;39;banco;21/12/2019;;carro novo;bom
1957;4;31;nenhum;21/12/2019;;radio/tv;bom
2406;3;31;nenhum;22/12/2018;masculino solteiro;mobilia/equipamento;bom
11760;3;32;nenhum;23/12/2018;masculino solteiro;educação;bom
2578;4;55;nenhum;23/12/2019;fem div/cas;mobilia/equipamento;bom
2348;2;46;nenhum;24/12/2019;masculino casado/viuvo;mobilia/equipamento;bom
1223;1;46;nenhum;25/12/2019;masculino div/sep;carro novo;ruim
1516;1;43;nenhum;28/12/2019;fem div/cas;radio/tv;bom
1473;4;39;nenhum;01/01/2019;masculino casado/viuvo;radio/tv;bom
1887;4;28;banco;01/01/2020;masculino casado/viuvo;negócios;bom
8648;2;27;banco;02/01/2020;masculino solteiro;negócios;ruim
802;2;27;nenhum;02/01/2019;masculino solteiro;carro novo;bom
2899;4;43;nenhum;03/01/2018;masculino solteiro;carro novo;bom
2039;1;22;nenhum;04/01/2020;masculino casado/viuvo;radio/tv;ruim
2197;4;43;nenhum;06/01/2019;masculino solteiro;carro usado;bom
1053;2;27;nenhum;06/01/2019;masculino casado/viuvo;radio/tv;bom
3235;2;26;nenhum;06/01/2020;masculino div/sep;radio/tv;bom
939;2;28;nenhum;06/01/2020;masculino casado/viuvo;carro novo;ruim
1967;4;20;nenhum;08/01/2019;fem div/cas;radio/tv;bom
7253;2;35;nenhum;09/01/2018;masculino solteiro;carro usado;bom
2292;2;42;stores;10/01/2019;masculino solteiro;negócios;ruim
1597;2;40;nenhum;12/01/2020;masculino solteiro;carro novo;bom
1381;2;35;nenhum;12/01/2018;fem div/cas;carro novo;ruim
5842;2;35;nenhum;13/01/2020;masculino solteiro;carro usado;bom
2579;1;33;nenhum;13/01/2019;masculino solteiro;carro novo;ruim
8471;2;23;nenhum;14/01/2019;fem div/cas;educação;bom
2782;2;31;banco;14/01/2019;fem div/cas;carro novo;bom
1042;2;33;nenhum;15/01/2018;fem div/cas;carro novo;ruim
3186;3;20;nenhum;17/01/2019;fem div/cas;carro novo;bom
2028;2;30;nenhum;17/01/2020;masculino solteiro;carro usado;bom
958;3;47;nenhum;17/01/2018;masculino solteiro;carro novo;bom
1591;3;34;nenhum;18/01/2019;masculino solteiro;mobilia/equipamento;bom
2762;2;25;banco;19/01/2019;fem div/cas;mobilia/equipamento;ruim
2779;3;21;nenhum;21/01/2018;masculino casado/viuvo;carro usado;bom
2743;2;29;nenhum;21/01/2018;masculino solteiro;radio/tv;bom
1149;3;46;nenhum;22/01/2020;masculino solteiro;radio/tv;bom
1313;4;20;nenhum;22/01/2018;masculino solteiro;mobilia/equipamento;bom
1190;4;55;nenhum;23/01/2019;fem div/cas;obras;ruim
3448;4;74;nenhum;23/01/2018;masculino solteiro;negócios;bom
11328;3;29;banco;24/01/2020;masculino solteiro;outros;ruim
1872;4;36;nenhum;24/01/2019;masculino solteiro;mobilia/equipamento;bom
2058;2;33;nenhum;24/01/2020;masculino div/sep;obras;bom
2136;2;25;nenhum;26/01/2020;masculino solteiro;mobilia/equipamento;bom
1484;1;25;nenhum;27/01/2019;masculino casado/viuvo;radio/tv;ruim
660;4;23;nenhum;27/01/2018;masculino casado/viuvo;obras;bom
1287;4;37;nenhum;27/01/2020;fem div/cas;carro novo;bom
3394;4;65;nenhum;27/01/2020;masculino solteiro;obras;bom
609;1;26;nenhum;29/01/2019;fem div/cas;negócios;ruim
1884;4;39;nenhum;30/01/2018;masculino solteiro;carro novo;bom
1620;3;30;nenhum;30/01/2018;fem div/cas;mobilia/equipamento;bom
2629;3;29;banco;01/02/2019;masculino solteiro;outros;bom
719;4;41;banco;02/02/2019;masculino solteiro;educação;ruim
5096;3;30;nenhum;02/02/2019;fem div/cas;mobilia/equipamento;ruim
1244;4;41;nenhum;03/02/2019;fem div/cas;educação;bom
1842;4;34;nenhum;05/02/2020;fem div/cas;carro novo;ruim
2576;2;35;nenhum;08/02/2018;masculino solteiro;radio/tv;bom
1424;4;55;nenhum;09/02/2020;fem div/cas;mobilia/equipamento;bom
1512;3;61;stores;09/02/2020;masculino casado/viuvo;obras;ruim
11054;2;30;nenhum;09/02/2019;masculino solteiro;carro usado;bom
518;1;29;nenhum;10/02/2019;fem div/cas;radio/tv;bom
2759;4;34;nenhum;10/02/2018;masculino solteiro;mobilia/equipamento;bom
2670;4;35;nenhum;11/02/2018;masculino solteiro;carro usado;bom
4817;3;31;nenhum;11/02/2018;masculino solteiro;carro novo;ruim
2679;1;29;nenhum;12/02/2020;fem div/cas;carro usado;bom
3905;2;36;nenhum;13/02/2020;masculino solteiro;carro novo;bom
3386;4;35;nenhum;13/02/2020;masculino solteiro;carro usado;ruim
343;1;27;nenhum;14/02/2020;fem div/cas;Eletrodomésticos;bom
4594;2;32;nenhum;14/02/2018;masculino solteiro;radio/tv;bom
3620;2;37;nenhum;15/02/2019;masculino solteiro;mobilia/equipamento;bom
1721;3;36;nenhum;19/02/2018;masculino solteiro;carro novo;bom
3017;1;34;nenhum;20/02/2018;fem div/cas;mobilia/equipamento;bom
754;4;38;nenhum;21/02/2020;masculino solteiro;qualificação;bom
1950;1;34;stores;21/02/2019;masculino solteiro;negócios;bom
2924;4;63;banco;21/02/2019;masculino solteiro;carro usado;bom
1659;2;29;nenhum;22/02/2020;fem div/cas;radio/tv;ruim
7238;3;32;banco;24/02/2019;masculino solteiro;radio/tv;bom
2764;2;26;nenhum;24/02/2019;fem div/cas;negócios;bom
4679;3;35;nenhum;24/02/2020;masculino solteiro;carro usado;bom
3092;2;22;nenhum;25/02/2020;masculino casado/viuvo;radio/tv;ruim
448;4;23;nenhum;27/02/2019;fem div/cas;educação;ruim
654;3;28;nenhum;27/02/2019;masculino solteiro;carro novo;ruim
1238;4;36;nenhum;27/02/2019;masculino solteiro;qualificação;bom
1245;2;33;nenhum;28/02/2019;masculino casado/viuvo;radio/tv;ruim
3114;4;26;nenhum;02/03/2019;fem div/cas;mobilia/equipamento;ruim
2569;4;24;nenhum;04/03/2019;masculino solteiro;carro usado;bom
5152;2;25;banco;04/03/2019;masculino solteiro;radio/tv;bom
1037;4;39;nenhum;04/03/2019;masculino solteiro;negócios;bom
1478;4;44;nenhum;04/03/2019;masculino solteiro;mobilia/equipamento;bom
3573;1;23;nenhum;07/03/2020;fem div/cas;radio/tv;bom
1201;1;26;nenhum;08/03/2018;masculino solteiro;carro novo;bom
3622;4;57;nenhum;09/03/2019;fem div/cas;mobilia/equipamento;bom
960;2;30;nenhum;10/03/2018;fem div/cas;mobilia/equipamento;bom
1163;4;44;nenhum;11/03/2020;masculino solteiro;carro novo;bom
1209;4;47;nenhum;12/03/2019;masculino solteiro;carro novo;ruim
3077;4;52;nenhum;13/03/2019;masculino solteiro;radio/tv;bom
3757;4;62;nenhum;14/03/2018;fem div/cas;carro novo;bom
1418;2;35;nenhum;14/03/2018;masculino solteiro;carro novo;bom
3518;3;26;nenhum;15/03/2020;masculino solteiro;carro novo;bom
1934;2;26;nenhum;15/03/2019;masculino solteiro;radio/tv;bom
8318;4;42;nenhum;17/03/2020;fem div/cas;negócios;ruim
1237;1;27;nenhum;17/03/2018;fem div/cas;radio/tv;bom
368;4;38;nenhum;18/03/2019;masculino solteiro;radio/tv;bom
2122;2;39;nenhum;18/03/2018;masculino solteiro;carro novo;bom
2996;4;20;nenhum;19/03/2019;masculino casado/viuvo;mobilia/equipamento;ruim
9034;1;29;nenhum;23/03/2019;masculino solteiro;mobilia/equipamento;ruim
1585;3;40;nenhum;23/03/2020;masculino solteiro;mobilia/equipamento;bom
1301;2;32;nenhum;23/03/2018;masculino casado/viuvo;radio/tv;bom
1323;4;28;nenhum;23/03/2019;masculino div/sep;carro novo;bom
3123;1;27;nenhum;28/03/2020;fem div/cas;carro novo;ruim
5493;4;42;nenhum;29/03/2018;masculino solteiro;carro usado;bom
1126;4;49;nenhum;30/03/2019;masculino div/sep;radio/tv;bom
1216;4;38;banco;30/03/2018;masculino solteiro;radio/tv;ruim
1207;4;24;nenhum;01/04/2018;fem div/cas;carro novo;ruim
1309;4;27;nenhum;01/04/2019;masculino solteiro;carro novo;ruim
2360;2;36;nenhum;02/04/2020;masculino solteiro;carro usado;bom
6850;2;34;nenhum;04/04/2020;masculino solteiro;carro novo;ruim
1413;2;28;nenhum;05/04/2020;masculino casado/viuvo;radio/tv;bom
8588;2;45;nenhum;10/04/2019;masculino solteiro;carro usado;bom
759;2;26;nenhum;11/04/2020;masculino solteiro;carro novo;ruim
4686;2;32;nenhum;12/04/2018;masculino solteiro;carro usado;bom
2687;4;26;nenhum;13/04/2020;masculino solteiro;negócios;bom
585;4;20;nenhum;13/04/2019;masculino casado/viuvo;radio/tv;bom
2255;1;54;nenhum;13/04/2020;masculino solteiro;carro novo;bom
609;3;37;nenhum;14/04/2019;fem div/cas;carro novo;bom
1361;4;40;nenhum;14/04/2018;masculino solteiro;carro novo;bom
7127;4;23;nenhum;16/04/2019;fem div/cas;mobilia/equipamento;ruim
1203;2;43;nenhum;17/04/2020;masculino solteiro;carro novo;bom
700;4;36;nenhum;17/04/2019;masculino solteiro;radio/tv;bom
5507;4;44;nenhum;17/04/2019;masculino solteiro;obras;bom
3190;2;24;nenhum;18/04/2018;fem div/cas;radio/tv;ruim
7119;4;53;nenhum;18/04/2019;masculino solteiro;mobilia/equipamento;ruim
3488;4;23;nenhum;19/04/2019;fem div/cas;carro usado;bom
1113;4;26;nenhum;20/04/2019;fem div/cas;radio/tv;bom
7966;3;30;nenhum;21/04/2018;masculino solteiro;carro usado;bom
1532;3;31;nenhum;21/04/2020;fem div/cas;educação;bom
1503;1;42;nenhum;22/04/2020;masculino solteiro;radio/tv;bom
2302;4;31;nenhum;23/04/2018;masculino div/sep;radio/tv;ruim
662;4;41;nenhum;23/04/2018;masculino solteiro;carro novo;bom
2273;1;32;nenhum;25/04/2019;masculino solteiro;educação;bom
2631;4;28;nenhum;26/04/2020;fem div/cas;carro novo;ruim
1503;4;41;nenhum;26/04/2019;masculino casado/viuvo;carro usado;bom
1311;3;26;nenhum;29/04/2019;masculino casado/viuvo;radio/tv;bom
3105;2;25;nenhum;29/04/2019;masculino solteiro;radio/tv;bom
2319;1;33;nenhum;29/04/2020;masculino div/sep;educação;ruim
1374;3;75;nenhum;01/05/2019;fem div/cas;carro novo;bom
3612;4;37;nenhum;01/05/2020;fem div/cas;mobilia/equipamento;bom
7763;4;42;banco;03/05/2020;masculino solteiro;carro novo;ruim
3049;1;45;stores;04/05/2020;fem div/cas;mobilia/equipamento;bom
1534;1;23;nenhum;05/05/2018;masculino casado/viuvo;radio/tv;ruim
2032;4;60;nenhum;05/05/2020;masculino solteiro;carro novo;bom
6350;4;31;nenhum;05/05/2018;masculino solteiro;mobilia/equipamento;ruim
2864;1;34;nenhum;06/05/2018;masculino solteiro;mobilia/equipamento;ruim
1255;4;61;nenhum;06/05/2019;masculino solteiro;carro novo;bom
1333;2;43;nenhum;06/05/2018;masculino solteiro;carro novo;ruim
2022;4;37;nenhum;08/05/2018;fem div/cas;carro novo;bom
1552;1;32;banco;09/05/2018;masculino solteiro;radio/tv;bom
626;4;24;banco;09/05/2018;fem div/cas;radio/tv;ruim
8858;1;35;nenhum;10/05/2020;masculino solteiro;carro usado;bom
996;4;23;nenhum;13/05/2020;fem div/cas;obras;bom
1750;4;45;banco;14/05/2018;masculino solteiro;radio/tv;bom
6999;1;34;nenhum;14/05/2018;masculino casado/viuvo;radio/tv;ruim
1995;1;27;nenhum;14/05/2018;masculino solteiro;carro novo;bom
1199;4;67;nenhum;15/05/2018;fem div/cas;educação;bom
1331;1;22;stores;17/05/2019;masculino solteiro;radio/tv;ruim
2278;3;28;nenhum;17/05/2020;fem div/cas;carro novo;ruim
5003;4;29;banco;18/05/2018;fem div/cas;carro novo;ruim
3552;4;27;banco;19/05/2018;masculino solteiro;mobilia/equipamento;ruim
1928;2;31;nenhum;19/05/2018;masculino solteiro;mobilia/equipamento;ruim
2964;4;49;banco;22/05/2020;masculino solteiro;carro usado;bom
1546;4;24;banco;23/05/2018;masculino solteiro;radio/tv;ruim
683;1;29;banco;24/05/2020;fem div/cas;radio/tv;bom
12389;4;37;nenhum;26/05/2020;masculino solteiro;carro novo;ruim
4712;2;37;banco;27/05/2020;masculino solteiro;negócios;bom
1553;2;23;nenhum;28/05/2019;fem div/cas;radio/tv;bom
1372;3;36;nenhum;28/05/2019;masculino div/sep;carro novo;ruim
2578;2;34;nenhum;30/05/2020;masculino solteiro;radio/tv;bom
3979;1;41;nenhum;30/05/2019;masculino solteiro;radio/tv;bom
6758;2;31;nenhum;30/05/2018;fem div/cas;radio/tv;ruim
3234;4;23;nenhum;30/05/2019;fem div/cas;mobilia/equipamento;ruim
5954;2;38;nenhum;02/06/2018;masculino solteiro;radio/tv;bom
5433;4;26;nenhum;04/06/2020;fem div/cas;carro usado;bom
806;4;22;nenhum;06/06/2020;fem div/cas;negócios;bom
1082;4;27;nenhum;08/06/2018;masculino solteiro;radio/tv;bom
2788;3;24;banco;09/06/2019;fem div/cas;mobilia/equipamento;bom
2930;1;27;nenhum;12/06/2019;fem div/cas;radio/tv;bom
1927;2;33;nenhum;15/06/2020;fem div/cas;educação;bom
2820;4;27;nenhum;15/06/2019;masculino div/sep;carro novo;ruim
937;3;27;nenhum;15/06/2018;masculino casado/viuvo;qualificação;bom
1056;3;30;banco;15/06/2020;masculino solteiro;carro novo;ruim
3124;3;49;banco;16/06/2018;masculino solteiro;carro novo;bom
1388;2;26;nenhum;16/06/2019;fem div/cas;mobilia/equipamento;bom
2384;1;33;nenhum;17/06/2020;masculino solteiro;obras;ruim
2133;4;52;nenhum;17/06/2018;fem div/cas;carro novo;bom
2039;4;20;banco;17/06/2020;fem div/cas;mobilia/equipamento;ruim
2799;2;36;nenhum;17/06/2018;masculino solteiro;carro novo;bom
1289;1;21;nenhum;19/06/2020;masculino solteiro;mobilia/equipamento;bom
1217;3;47;nenhum;20/06/2018;masculino casado/viuvo;Eletrodomésticos;ruim
2246;3;60;nenhum;21/06/2019;masculino solteiro;mobilia/equipamento;ruim
385;3;58;nenhum;24/06/2019;fem div/cas;radio/tv;bom
1965;4;42;nenhum;25/06/2018;fem div/cas;carro novo;bom
1572;4;36;banco;26/06/2018;fem div/cas;negócios;bom
2718;4;20;nenhum;27/06/2018;fem div/cas;carro novo;ruim
1358;3;40;stores;28/06/2019;masculino solteiro;outros;ruim
931;1;32;stores;29/06/2018;fem div/cas;carro novo;ruim
1442;4;23;nenhum;30/06/2018;fem div/cas;carro novo;ruim
4241;4;36;nenhum;03/07/2018;masculino solteiro;negócios;ruim
2775;2;31;banco;04/07/2019;masculino solteiro;carro novo;ruim
3863;2;32;nenhum;05/07/2018;masculino solteiro;negócios;bom
2329;1;45;nenhum;05/07/2018;fem div/cas;radio/tv;bom
918;1;30;nenhum;05/07/2020;fem div/cas;mobilia/equipamento;ruim
1837;4;34;banco;06/07/2018;fem div/cas;educação;ruim
3349;2;28;nenhum;06/07/2019;fem div/cas;mobilia/equipamento;ruim
1275;2;23;nenhum;06/07/2019;fem div/cas;mobilia/equipamento;bom
2828;4;22;stores;06/07/2018;masculino solteiro;mobilia/equipamento;bom
4526;2;74;nenhum;09/07/2018;masculino solteiro;negócios;bom
2671;4;50;nenhum;10/07/2018;fem div/cas;radio/tv;ruim
2051;1;33;nenhum;11/07/2018;masculino solteiro;radio/tv;bom
1300;4;45;banco;11/07/2020;masculino solteiro;carro usado;bom
741;3;22;nenhum;12/07/2018;fem div/cas;Eletrodomésticos;ruim
1240;4;48;nenhum;13/07/2019;fem div/cas;carro novo;ruim
3357;2;29;banco;15/07/2019;fem div/cas;radio/tv;bom
3632;4;22;banco;16/07/2019;fem div/cas;carro usado;bom
1808;1;22;nenhum;16/07/2019;fem div/cas;mobilia/equipamento;ruim
12204;2;48;banco;17/07/2018;masculino solteiro;negócios;bom
9157;2;27;nenhum;18/07/2020;masculino solteiro;radio/tv;bom
3676;3;37;nenhum;18/07/2018;masculino solteiro;carro novo;bom
3441;4;21;nenhum;19/07/2018;fem div/cas;mobilia/equipamento;ruim
640;2;49;nenhum;20/07/2020;masculino div/sep;carro novo;bom
3652;3;27;nenhum;21/07/2018;masculino solteiro;negócios;bom
1530;2;32;banco;23/07/2018;masculino solteiro;carro novo;ruim
3914;2;38;banco;25/07/2018;masculino div/sep;negócios;ruim
1858;1;22;nenhum;25/07/2018;fem div/cas;mobilia/equipamento;bom
2600;4;65;nenhum;27/07/2018;masculino solteiro;radio/tv;ruim
1979;2;35;nenhum;28/07/2020;masculino solteiro;radio/tv;bom
2116;2;41;nenhum;28/07/2018;masculino solteiro;mobilia/equipamento;bom
1437;3;29;nenhum;30/07/2018;masculino solteiro;carro novo;ruim
4042;4;36;nenhum;02/08/2020;masculino solteiro;mobilia/equipamento;bom
3832;4;64;nenhum;05/08/2018;masculino solteiro;educação;bom
3660;4;28;nenhum;06/08/2018;fem div/cas;radio/tv;bom
1553;3;44;banco;06/08/2019;masculino solteiro;mobilia/equipamento;ruim
1444;1;23;nenhum;09/08/2020;masculino solteiro;radio/tv;bom
1980;2;19;nenhum;09/08/2019;fem div/cas;mobilia/equipamento;ruim
1355;4;25;nenhum;09/08/2020;fem div/cas;carro novo;ruim
1393;4;47;banco;10/08/2019;masculino solteiro;educação;bom
1376;1;28;nenhum;10/08/2020;fem div/cas;radio/tv;bom
15653;4;21;nenhum;11/08/2018;masculino solteiro;radio/tv;bom
1493;3;34;nenhum;11/08/2018;fem div/cas;radio/tv;bom
4370;2;26;banco;12/08/2020;masculino solteiro;radio/tv;ruim
750;1;27;nenhum;12/08/2019;fem div/cas;educação;ruim
1308;4;38;nenhum;12/08/2019;masculino solteiro;obras;bom
4623;2;40;nenhum;15/08/2019;masculino solteiro;educação;ruim
1851;2;33;nenhum;15/08/2019;masculino casado/viuvo;radio/tv;bom
1880;1;32;nenhum;16/08/2019;masculino casado/viuvo;radio/tv;bom
7980;4;27;nenhum;16/08/2019;masculino solteiro;negócios;ruim
4583;2;32;nenhum;16/08/2020;masculino div/sep;mobilia/equipamento;bom
1386;2;26;nenhum;18/08/2018;fem div/cas;carro novo;ruim
947;3;38;banco;18/08/2018;masculino solteiro;carro novo;ruim
684;4;40;nenhum;20/08/2018;masculino solteiro;educação;ruim
7476;1;50;nenhum;20/08/2019;masculino solteiro;educação;bom
1922;2;37;nenhum;21/08/2019;masculino solteiro;mobilia/equipamento;ruim
2303;1;45;nenhum;22/08/2020;masculino solteiro;carro novo;ruim
8086;4;42;nenhum;22/08/2020;masculino solteiro;carro novo;ruim
2346;3;35;nenhum;22/08/2019;masculino solteiro;carro usado;bom
3973;4;22;nenhum;23/08/2020;masculino solteiro;carro novo;bom
888;4;41;banco;25/08/2020;masculino solteiro;carro novo;ruim
10222;3;37;stores;26/08/2018;masculino solteiro;radio/tv;bom
4221;1;28;nenhum;26/08/2019;fem div/cas;negócios;bom
6361;1;41;nenhum;27/08/2020;masculino solteiro;mobilia/equipamento;bom
1297;4;23;nenhum;31/08/2020;masculino casado/viuvo;radio/tv;bom
900;2;23;nenhum;02/09/2020;masculino casado/viuvo;carro novo;ruim
2241;2;50;nenhum;04/09/2019;masculino solteiro;mobilia/equipamento;bom
1050;1;35;stores;05/09/2019;masculino solteiro;mobilia/equipamento;bom
1047;4;50;nenhum;05/09/2019;fem div/cas;educação;bom
6314;2;27;banco;06/09/2019;masculino solteiro;outros;bom
3496;2;34;stores;07/09/2020;masculino solteiro;mobilia/equipamento;bom
3609;1;27;stores;08/09/2018;fem div/cas;negócios;bom
4843;4;43;nenhum;09/09/2019;masculino solteiro;carro novo;ruim
3017;4;47;nenhum;10/09/2019;masculino solteiro;radio/tv;bom
4139;3;27;nenhum;11/09/2018;masculino solteiro;negócios;bom
5742;2;31;nenhum;12/09/2020;masculino solteiro;negócios;bom
10366;4;42;nenhum;13/09/2018;masculino solteiro;carro novo;bom
2080;2;24;nenhum;15/09/2019;masculino casado/viuvo;carro novo;bom
2580;2;41;banco;16/09/2020;masculino solteiro;negócios;ruim
4530;4;26;nenhum;17/09/2018;fem div/cas;radio/tv;bom
5150;4;33;nenhum;18/09/2018;masculino solteiro;mobilia/equipamento;bom
5595;2;24;nenhum;18/09/2020;masculino casado/viuvo;radio/tv;ruim
2384;4;64;banco;19/09/2019;masculino solteiro;radio/tv;bom
1453;1;26;nenhum;22/09/2020;fem div/cas;radio/tv;bom
1538;2;56;nenhum;24/09/2020;fem div/cas;educação;bom
2279;4;37;nenhum;25/09/2020;masculino solteiro;radio/tv;bom
1478;3;33;banco;25/09/2020;masculino casado/viuvo;radio/tv;bom
5103;3;47;nenhum;25/09/2018;masculino casado/viuvo;radio/tv;bom
9857;3;31;nenhum;26/09/2019;masculino solteiro;negócios;bom
6527;4;34;nenhum;26/09/2018;masculino solteiro;carro novo;bom
1347;2;27;nenhum;26/09/2019;masculino solteiro;radio/tv;bom
2862;3;30;nenhum;27/09/2020;masculino solteiro;carro novo;bom
2753;4;35;nenhum;28/09/2020;masculino solteiro;radio/tv;bom
3651;3;31;nenhum;28/09/2018;masculino solteiro;carro novo;bom
975;3;25;nenhum;29/09/2018;masculino div/sep;mobilia/equipamento;bom
2631;2;25;nenhum;29/09/2020;fem div/cas;obras;bom
2896;1;29;nenhum;01/10/2020;masculino solteiro;radio/tv;bom
4716;3;44;nenhum;02/10/2019;masculino solteiro;carro novo;bom
2284;2;28;nenhum;02/10/2020;masculino solteiro;radio/tv;bom
1236;4;50;nenhum;06/10/2019;masculino solteiro;carro usado;bom
1103;3;29;nenhum;07/10/2020;masculino solteiro;radio/tv;bom
926;2;38;nenhum;09/10/2019;fem div/cas;carro novo;bom
1800;2;24;nenhum;10/10/2020;masculino solteiro;radio/tv;bom
1905;4;40;nenhum;12/10/2020;masculino solteiro;educação;bom
1123;4;29;nenhum;13/10/2018;fem div/cas;mobilia/equipamento;ruim
6331;4;46;nenhum;13/10/2018;masculino solteiro;carro usado;ruim
1377;2;47;nenhum;15/10/2020;fem div/cas;radio/tv;bom
2503;2;41;stores;15/10/2019;masculino solteiro;negócios;bom
2528;1;32;nenhum;16/10/2019;fem div/cas;negócios;bom
5324;4;35;nenhum;16/10/2018;fem div/cas;carro novo;bom
6560;2;24;nenhum;16/10/2018;masculino solteiro;carro novo;ruim
2969;3;25;nenhum;17/10/2019;fem div/cas;mobilia/equipamento;ruim
1206;4;25;nenhum;18/10/2019;fem div/cas;radio/tv;bom
2118;2;37;nenhum;18/10/2018;masculino solteiro;radio/tv;bom
629;3;32;banco;20/10/2019;masculino solteiro;radio/tv;bom
1198;4;35;nenhum;22/10/2019;fem div/cas;educação;ruim
2476;4;46;nenhum;22/10/2019;masculino solteiro;carro usado;bom
1138;4;25;nenhum;23/10/2018;masculino solteiro;radio/tv;bom
14027;2;27;nenhum;25/10/2019;masculino solteiro;carro novo;ruim
7596;4;63;nenhum;25/10/2019;masculino solteiro;carro usado;bom
3077;2;40;nenhum;26/10/2020;masculino solteiro;radio/tv;bom
1505;2;32;nenhum;26/10/2018;masculino solteiro;radio/tv;bom
3148;2;31;nenhum;26/10/2020;masculino solteiro;radio/tv;bom
6148;4;31;banco;27/10/2020;masculino casado/viuvo;carro usado;bom
1337;2;34;nenhum;27/10/2019;masculino solteiro;radio/tv;ruim
433;2;24;banco;28/10/2018;fem div/cas;educação;ruim
1228;2;24;nenhum;28/10/2019;fem div/cas;carro novo;ruim
790;3;66;nenhum;31/10/2020;fem div/cas;radio/tv;bom
2570;3;21;nenhum;31/10/2018;fem div/cas;carro novo;ruim
250;2;41;banco;01/11/2019;fem div/cas;carro novo;bom
1316;2;47;nenhum;01/11/2018;masculino casado/viuvo;radio/tv;bom
1882;4;25;banco;01/11/2020;fem div/cas;radio/tv;ruim
6416;3;59;nenhum;02/11/2019;fem div/cas;negócios;ruim
1275;4;36;nenhum;02/11/2019;masculino div/sep;negócios;bom
6403;2;33;nenhum;02/11/2018;masculino solteiro;radio/tv;bom
1987;4;21;nenhum;03/11/2018;masculino solteiro;radio/tv;ruim
760;2;44;nenhum;04/11/2018;fem div/cas;radio/tv;bom
2603;4;28;nenhum;05/11/2019;fem div/cas;carro usado;bom
3380;1;37;nenhum;07/11/2018;fem div/cas;carro novo;bom
3990;2;29;banco;07/11/2020;fem div/cas;Eletrodomésticos;bom
11560;4;23;nenhum;09/11/2018;fem div/cas;carro usado;ruim
4380;4;35;nenhum;09/11/2018;masculino solteiro;carro novo;bom
6761;3;45;nenhum;10/11/2018;masculino solteiro;carro novo;bom
4280;4;26;nenhum;11/11/2019;fem div/cas;negócios;ruim
2325;3;32;banco;12/11/2019;masculino solteiro;carro novo;bom
1048;4;23;stores;12/11/2019;masculino solteiro;radio/tv;bom
3160;3;41;nenhum;13/11/2019;masculino solteiro;radio/tv;bom
2483;4;22;stores;15/11/2019;masculino solteiro;mobilia/equipamento;bom
14179;4;30;nenhum;16/11/2018;masculino solteiro;mobilia/equipamento;bom
1797;1;28;banco;16/11/2018;masculino solteiro;negócios;bom
2511;4;23;nenhum;17/11/2018;fem div/cas;carro novo;bom
1274;1;37;nenhum;17/11/2020;fem div/cas;carro novo;ruim
5248;3;26;nenhum;19/11/2019;masculino solteiro;carro usado;bom
3029;2;33;nenhum;19/11/2018;masculino solteiro;carro usado;bom
428;1;49;banco;21/11/2020;fem div/cas;mobilia/equipamento;bom
976;2;23;nenhum;22/11/2020;fem div/cas;carro novo;ruim
841;4;23;nenhum;22/11/2018;fem div/cas;negócios;bom
5771;2;25;nenhum;22/11/2018;fem div/cas;radio/tv;bom
1555;4;55;nenhum;23/11/2019;masculino solteiro;obras;ruim
1285;4;32;nenhum;23/11/2018;fem div/cas;carro novo;ruim
1299;1;74;nenhum;24/11/2020;masculino solteiro;carro novo;bom
1271;4;39;nenhum;24/11/2018;masculino solteiro;radio/tv;ruim
1393;2;31;nenhum;25/11/2020;masculino solteiro;carro novo;bom
691;3;35;nenhum;25/11/2019;masculino solteiro;carro novo;ruim
5045;4;59;nenhum;25/11/2018;fem div/cas;carro novo;bom
2124;4;24;nenhum;25/11/2020;fem div/cas;mobilia/equipamento;ruim
2214;3;24;nenhum;28/11/2019;masculino solteiro;radio/tv;bom
12680;4;30;nenhum;29/11/2018;masculino solteiro;carro novo;ruim
2463;3;27;nenhum;30/11/2018;masculino casado/viuvo;carro novo;bom
1155;3;40;banco;30/11/2019;masculino casado/viuvo;radio/tv;bom
3108;4;31;nenhum;01/12/2020;masculino div/sep;mobilia/equipamento;ruim
2901;4;31;nenhum;02/12/2020;fem div/cas;carro usado;bom
3617;4;28;nenhum;02/12/2019;masculino solteiro;mobilia/equipamento;bom
1655;4;63;nenhum;03/12/2020;masculino solteiro;radio/tv;bom
2812;4;26;nenhum;04/12/2019;fem div/cas;carro usado;bom
8065;2;25;nenhum;04/12/2020;fem div/cas;educação;ruim
3275;4;36;nenhum;05/12/2018;masculino solteiro;carro usado;bom
2223;4;52;banco;05/12/2019;masculino solteiro;radio/tv;bom
1480;4;66;banco;06/12/2019;masculino solteiro;carro novo;bom
1371;4;25;nenhum;09/12/2020;fem div/cas;carro novo;ruim
3535;4;37;nenhum;10/12/2019;masculino solteiro;carro novo;bom
3509;1;25;nenhum;10/12/2018;fem div/cas;radio/tv;bom
5711;2;38;nenhum;11/12/2020;masculino solteiro;carro usado;bom
3872;4;67;nenhum;12/12/2019;fem div/cas;obras;bom
4933;2;25;nenhum;12/12/2020;masculino solteiro;radio/tv;ruim
1940;4;60;nenhum;13/12/2019;masculino solteiro;carro novo;bom
1410;2;31;nenhum;13/12/2020;masculino solteiro;qualificação;bom
836;2;23;banco;14/12/2019;fem div/cas;carro novo;ruim
6468;4;60;nenhum;15/12/2020;masculino div/sep;carro usado;bom
1941;2;35;nenhum;16/12/2019;masculino solteiro;negócios;bom
2675;4;40;nenhum;17/12/2019;masculino solteiro;radio/tv;bom
2751;3;38;nenhum;18/12/2020;masculino solteiro;carro usado;bom
6224;4;50;nenhum;19/12/2020;masculino solteiro;educação;ruim
5998;3;27;banco;20/12/2020;masculino solteiro;educação;ruim
1188;4;39;nenhum;20/12/2018;fem div/cas;negócios;ruim
6313;4;41;nenhum;20/12/2018;masculino solteiro;carro usado;bom
1221;2;27;nenhum;21/12/2019;masculino casado/viuvo;mobilia/equipamento;bom
2892;4;51;nenhum;21/12/2019;masculino div/sep;mobilia/equipamento;bom
3062;3;32;nenhum;22/12/2018;masculino solteiro;mobilia/equipamento;bom
2301;4;22;nenhum;23/12/2018;fem div/cas;mobilia/equipamento;bom
7511;4;51;nenhum;23/12/2019;masculino solteiro;carro usado;ruim
1258;4;22;nenhum;24/12/2019;fem div/cas;mobilia/equipamento;bom
717;4;54;nenhum;25/12/2019;masculino casado/viuvo;carro novo;bom
1549;2;35;nenhum;28/12/2019;masculino solteiro;carro novo;bom
1597;4;54;nenhum;01/01/2019;masculino solteiro;educação;bom
1795;4;48;banco;01/01/2020;fem div/cas;radio/tv;bom
4272;4;24;nenhum;02/01/2020;fem div/cas;mobilia/equipamento;bom
976;4;35;nenhum;02/01/2019;masculino solteiro;radio/tv;bom
7472;2;24;nenhum;03/01/2018;fem div/cas;carro novo;bom
9271;1;24;nenhum;04/01/2020;masculino solteiro;carro novo;ruim
590;3;26;nenhum;06/01/2019;masculino casado/viuvo;radio/tv;bom
930;4;65;nenhum;06/01/2019;masculino solteiro;radio/tv;bom
9283;2;55;banco;06/01/2020;masculino solteiro;carro usado;bom
1778;1;26;nenhum;06/01/2020;fem div/cas;carro novo;ruim
907;2;26;nenhum;08/01/2019;masculino casado/viuvo;negócios;bom
484;3;28;banco;09/01/2018;masculino casado/viuvo;radio/tv;bom
9629;4;24;nenhum;10/01/2019;masculino solteiro;carro usado;ruim
3051;4;54;nenhum;12/01/2020;masculino solteiro;Eletrodomésticos;ruim
3931;4;46;nenhum;12/01/2018;masculino solteiro;carro novo;ruim
7432;2;54;nenhum;13/01/2020;fem div/cas;carro novo;bom
1338;4;62;nenhum;13/01/2019;masculino div/sep;Eletrodomésticos;bom
1554;2;24;nenhum;14/01/2019;fem div/cas;radio/tv;bom
15857;3;43;nenhum;14/01/2019;masculino div/sep;outros;bom
1345;3;26;banco;15/01/2018;masculino casado/viuvo;radio/tv;ruim
1101;2;27;nenhum;17/01/2019;masculino casado/viuvo;carro novo;bom
3016;1;24;nenhum;17/01/2020;masculino casado/viuvo;radio/tv;bom
2712;2;41;banco;17/01/2018;masculino solteiro;mobilia/equipamento;ruim
731;4;47;nenhum;18/01/2019;masculino solteiro;carro novo;bom
3780;2;35;nenhum;19/01/2019;masculino div/sep;mobilia/equipamento;bom
1602;3;30;nenhum;21/01/2018;masculino casado/viuvo;carro novo;bom
3966;4;33;banco;21/01/2018;fem div/cas;carro novo;ruim
4165;2;36;stores;22/01/2020;masculino solteiro;negócios;ruim
8335;4;47;nenhum;22/01/2018;masculino solteiro;carro usado;ruim
6681;4;38;nenhum;23/01/2019;masculino solteiro;negócios;bom
2375;2;44;nenhum;23/01/2018;masculino solteiro;negócios;bom
1216;3;23;nenhum;24/01/2020;fem div/cas;carro novo;ruim
11816;4;29;nenhum;24/01/2019;masculino solteiro;negócios;ruim
5084;4;42;nenhum;24/01/2020;fem div/cas;radio/tv;bom
2327;3;25;nenhum;26/01/2020;fem div/cas;radio/tv;ruim
1082;4;48;banco;27/01/2019;masculino solteiro;carro novo;ruim
886;2;21;nenhum;27/01/2018;fem div/cas;radio/tv;bom
601;3;23;nenhum;27/01/2020;fem div/cas;mobilia/equipamento;bom
2957;4;63;nenhum;27/01/2020;masculino solteiro;carro usado;bom
2611;3;46;nenhum;29/01/2019;masculino casado/viuvo;radio/tv;bom
5179;2;29;nenhum;30/01/2018;masculino solteiro;mobilia/equipamento;ruim
2993;2;28;stores;30/01/2018;masculino solteiro;carro usado;bom
1943;4;23;nenhum;01/02/2019;fem div/cas;obras;ruim
1559;4;50;banco;02/02/2019;masculino solteiro;negócios;bom
3422;4;47;banco;02/02/2019;masculino solteiro;mobilia/equipamento;bom
3976;3;35;nenhum;03/02/2019;masculino solteiro;mobilia/equipamento;bom
6761;4;68;nenhum;05/02/2020;masculino solteiro;carro novo;ruim
1249;2;28;nenhum;08/02/2018;masculino casado/viuvo;carro novo;bom
1364;4;59;nenhum;09/02/2020;masculino solteiro;radio/tv;bom
709;4;57;stores;09/02/2020;masculino solteiro;radio/tv;ruim
2235;2;33;banco;09/02/2019;masculino casado/viuvo;carro novo;ruim
4042;4;43;nenhum;10/02/2019;masculino solteiro;carro usado;bom
1471;4;35;nenhum;10/02/2018;masculino solteiro;radio/tv;bom
1442;4;32;nenhum;11/02/2018;masculino solteiro;carro novo;ruim
10875;2;45;nenhum;11/02/2018;masculino solteiro;carro novo;bom
1474;3;33;nenhum;12/02/2020;masculino casado/viuvo;carro novo;bom
894;3;40;nenhum;13/02/2020;fem div/cas;qualificação;bom
3343;2;28;nenhum;13/02/2020;masculino solteiro;mobilia/equipamento;bom
3959;2;29;nenhum;14/02/2020;fem div/cas;carro novo;ruim
3577;2;26;nenhum;14/02/2018;masculino solteiro;carro novo;bom
5804;2;27;nenhum;15/02/2019;masculino solteiro;carro usado;bom
2169;2;28;nenhum;19/02/2018;masculino casado/viuvo;negócios;ruim
2439;4;35;nenhum;20/02/2018;fem div/cas;radio/tv;ruim
4526;2;32;stores;21/02/2020;masculino solteiro;mobilia/equipamento;bom
2210;2;25;banco;21/02/2019;masculino solteiro;mobilia/equipamento;ruim
;4;20;nenhum;21/02/2019;fem div/cas;mobilia/equipamento;bom
2389;1;27;stores;22/02/2020;fem div/cas;radio/tv;bom
3331;4;42;stores;24/02/2019;masculino solteiro;mobilia/equipamento;bom
7409;2;37;nenhum;24/02/2019;masculino solteiro;negócios;bom
652;4;24;nenhum;24/02/2020;fem div/cas;mobilia/equipamento;bom
7678;4;40;nenhum;25/02/2020;fem div/cas;mobilia/equipamento;bom
1343;4;46;nenhum;27/02/2019;masculino solteiro;carro novo;bom
1382;1;26;nenhum;27/02/2019;masculino solteiro;negócios;bom
874;1;24;nenhum;27/02/2019;fem div/cas;Eletrodomésticos;bom
3590;2;29;nenhum;28/02/2019;masculino solteiro;mobilia/equipamento;bom
1322;4;40;nenhum;02/03/2019;fem div/cas;carro novo;bom
1940;4;36;banco;04/03/2019;masculino solteiro;radio/tv;bom
3595;2;28;nenhum;04/03/2019;masculino solteiro;radio/tv;bom
1422;2;27;nenhum;04/03/2019;masculino solteiro;carro novo;ruim
6742;3;36;nenhum;04/03/2019;masculino solteiro;radio/tv;bom
7814;3;38;nenhum;07/03/2020;masculino solteiro;carro usado;bom
9277;4;48;nenhum;08/03/2018;masculino div/sep;carro usado;bom
2181;4;36;nenhum;09/03/2019;masculino solteiro;carro novo;bom
1098;4;65;nenhum;10/03/2018;fem div/cas;radio/tv;bom
4057;3;43;nenhum;11/03/2020;masculino div/sep;mobilia/equipamento;ruim
795;4;53;nenhum;12/03/2019;fem div/cas;educação;ruim
2825;3;34;nenhum;13/03/2019;masculino solteiro;negócios;bom
15672;2;23;nenhum;14/03/2018;masculino solteiro;negócios;ruim
6614;4;34;nenhum;14/03/2018;masculino solteiro;carro novo;bom
7824;4;40;banco;15/03/2020;masculino solteiro;carro usado;bom
2442;4;43;stores;15/03/2019;masculino solteiro;negócios;bom
1829;4;46;nenhum;17/03/2020;masculino solteiro;radio/tv;bom
2171;4;38;banco;17/03/2018;masculino solteiro;carro novo;bom
5800;4;34;nenhum;18/03/2019;masculino solteiro;carro usado;bom
1169;3;29;nenhum;18/03/2018;masculino solteiro;radio/tv;bom
8947;2;31;stores;19/03/2019;masculino solteiro;carro usado;bom
2606;4;28;nenhum;23/03/2019;fem div/cas;radio/tv;bom
1592;2;35;nenhum;23/03/2020;fem div/cas;mobilia/equipamento;bom
2186;4;33;banco;23/03/2018;fem div/cas;mobilia/equipamento;bom
4153;3;42;nenhum;23/03/2019;masculino solteiro;mobilia/equipamento;ruim
2625;4;43;banco;28/03/2020;masculino solteiro;carro novo;ruim
3485;4;44;nenhum;29/03/2018;masculino div/sep;carro novo;bom
;4;42;nenhum;30/03/2019;masculino solteiro;carro usado;bom
1386;2;40;nenhum;30/03/2018;masculino casado/viuvo;radio/tv;bom
1278;1;36;nenhum;01/04/2018;masculino solteiro;radio/tv;bom
1107;2;20;nenhum;01/04/2019;masculino solteiro;radio/tv;bom
3763;2;24;nenhum;02/04/2020;masculino solteiro;carro novo;bom
3711;2;27;nenhum;04/04/2020;masculino casado/viuvo;educação;bom
3594;2;46;nenhum;05/04/2020;fem div/cas;carro usado;bom
3195;2;33;nenhum;10/04/2019;fem div/cas;carro novo;bom
4454;4;34;nenhum;11/04/2020;fem div/cas;radio/tv;bom
4736;4;25;banco;12/04/2018;fem div/cas;mobilia/equipamento;ruim
;4;25;nenhum;13/04/2020;fem div/cas;radio/tv;bom
2142;2;28;nenhum;13/04/2019;masculino div/sep;negócios;bom
3161;2;31;nenhum;13/04/2020;masculino solteiro;negócios;ruim
18424;2;32;banco;14/04/2019;fem div/cas;outros;ruim
2848;2;32;nenhum;14/04/2018;masculino solteiro;carro usado;bom
14896;4;68;banco;16/04/2019;masculino solteiro;carro novo;ruim
2359;1;33;nenhum;17/04/2020;masculino div/sep;mobilia/equipamento;ruim
3345;2;39;nenhum;17/04/2019;masculino solteiro;mobilia/equipamento;ruim
1817;2;28;nenhum;17/04/2019;fem div/cas;mobilia/equipamento;bom
12749;1;37;nenhum;18/04/2018;masculino solteiro;radio/tv;bom
1366;4;22;nenhum;18/04/2019;fem div/cas;radio/tv;ruim
2002;4;30;nenhum;19/04/2019;masculino solteiro;carro novo;bom
6872;1;55;banco;20/04/2019;masculino div/sep;mobilia/equipamento;ruim
697;2;46;banco;21/04/2018;masculino solteiro;carro novo;ruim
1049;4;21;nenhum;21/04/2020;fem div/cas;mobilia/equipamento;bom
10297;4;39;stores;22/04/2020;masculino solteiro;carro usado;ruim
1867;4;58;nenhum;23/04/2018;masculino solteiro;radio/tv;bom
1344;2;43;nenhum;23/04/2018;masculino solteiro;carro novo;bom
1747;1;24;nenhum;25/04/2019;masculino solteiro;mobilia/equipamento;bom
1670;2;22;nenhum;26/04/2020;fem div/cas;radio/tv;ruim
1224;1;30;nenhum;26/04/2019;masculino solteiro;carro novo;bom
;4;42;nenhum;29/04/2019;masculino solteiro;radio/tv;bom
1498;1;23;banco;29/04/2019;fem div/cas;radio/tv;bom
1919;3;30;stores;29/04/2020;;radio/tv;ruim
745;2;28;nenhum;01/05/2019;fem div/cas;radio/tv;ruim
2063;3;30;nenhum;01/05/2020;masculino casado/viuvo;radio/tv;bom
6288;4;42;nenhum;03/05/2020;masculino solteiro;educação;ruim
6842;4;46;nenhum;04/05/2020;masculino solteiro;carro usado;bom
3527;3;45;nenhum;05/05/2018;masculino solteiro;carro novo;bom
1546;2;31;nenhum;05/05/2020;masculino solteiro;carro novo;bom
929;2;31;stores;05/05/2018;masculino solteiro;mobilia/equipamento;bom
1455;1;42;nenhum;06/05/2018;masculino solteiro;carro novo;bom
1845;1;46;nenhum;06/05/2019;fem div/cas;mobilia/equipamento;bom
8358;1;30;nenhum;06/05/2018;fem div/cas;carro novo;bom
3349;4;30;nenhum;08/05/2018;masculino solteiro;mobilia/equipamento;ruim
2859;4;38;nenhum;09/05/2018;masculino solteiro;carro novo;bom
1533;1;43;nenhum;09/05/2018;masculino casado/viuvo;mobilia/equipamento;ruim
3621;4;31;nenhum;10/05/2020;masculino solteiro;radio/tv;ruim
3590;3;40;nenhum;13/05/2020;masculino casado/viuvo;negócios;bom
2145;1;24;nenhum;14/05/2018;masculino solteiro;negócios;ruim
4113;4;28;nenhum;14/05/2018;fem div/cas;carro usado;ruim
10974;2;26;nenhum;14/05/2018;fem div/cas;mobilia/equipamento;ruim
1893;4;29;nenhum;15/05/2018;fem div/cas;carro novo;bom
1231;4;57;nenhum;17/05/2019;fem div/cas;radio/tv;bom
3656;4;49;stores;17/05/2020;masculino solteiro;radio/tv;bom
1154;4;37;nenhum;18/05/2018;masculino solteiro;radio/tv;bom
4006;2;45;nenhum;19/05/2018;masculino solteiro;carro novo;ruim
3069;4;30;nenhum;19/05/2018;masculino solteiro;mobilia/equipamento;bom
1740;2;30;nenhum;22/05/2020;masculino casado/viuvo;radio/tv;bom
2353;4;47;nenhum;23/05/2018;masculino div/sep;carro novo;bom
3556;2;29;nenhum;24/05/2020;masculino solteiro;carro novo;bom
2397;2;35;banco;26/05/2020;masculino solteiro;radio/tv;ruim
454;1;22;nenhum;27/05/2020;masculino casado/viuvo;obras;bom
1715;1;26;nenhum;28/05/2019;fem div/cas;radio/tv;bom
2520;2;23;nenhum;28/05/2019;masculino solteiro;radio/tv;ruim
3568;2;54;banco;30/05/2020;fem div/cas;radio/tv;bom
7166;4;29;nenhum;30/05/2019;masculino casado/viuvo;radio/tv;bom
3939;2;40;nenhum;30/05/2018;masculino solteiro;carro novo;bom
1514;2;22;nenhum;30/05/2019;masculino solteiro;obras;bom
7393;4;43;nenhum;02/06/2018;masculino solteiro;carro novo;bom
1193;4;29;nenhum;04/06/2020;fem div/cas;carro novo;ruim
7297;4;36;nenhum;06/06/2020;masculino solteiro;negócios;ruim
2831;2;33;nenhum;08/06/2018;fem div/cas;radio/tv;bom
1258;3;57;nenhum;09/06/2019;fem div/cas;radio/tv;bom
753;3;64;nenhum;12/06/2019;fem div/cas;radio/tv;bom
2427;2;42;nenhum;15/06/2020;masculino solteiro;negócios;bom
2538;4;47;nenhum;15/06/2019;masculino solteiro;carro novo;ruim
1264;2;25;nenhum;15/06/2018;masculino casado/viuvo;carro novo;ruim
8386;2;49;nenhum;15/06/2020;masculino solteiro;mobilia/equipamento;ruim
4844;2;33;banco;16/06/2018;masculino solteiro;negócios;ruim
2923;1;28;banco;16/06/2019;fem div/cas;carro novo;bom
8229;2;26;nenhum;17/06/2020;masculino solteiro;carro usado;ruim
2028;2;30;nenhum;17/06/2018;masculino solteiro;mobilia/equipamento;bom
1433;3;25;nenhum;17/06/2020;fem div/cas;mobilia/equipamento;bom
6289;1;33;nenhum;17/06/2018;masculino div/sep;negócios;bom
1409;4;64;nenhum;19/06/2020;fem div/cas;radio/tv;bom
6579;2;29;nenhum;20/06/2018;masculino solteiro;carro usado;bom
1743;2;48;nenhum;21/06/2019;masculino solteiro;radio/tv;bom
3565;1;37;nenhum;24/06/2019;masculino solteiro;educação;bom
1569;4;34;banco;25/06/2018;masculino solteiro;radio/tv;bom
1936;4;23;nenhum;26/06/2018;masculino casado/viuvo;radio/tv;bom
3959;3;30;nenhum;27/06/2018;masculino solteiro;mobilia/equipamento;bom
2390;3;50;nenhum;28/06/2019;masculino solteiro;carro novo;bom
1736;4;31;nenhum;29/06/2018;fem div/cas;mobilia/equipamento;bom
3857;4;40;nenhum;30/06/2018;masculino div/sep;carro usado;bom
804;4;38;nenhum;03/07/2018;masculino solteiro;radio/tv;bom
1845;4;23;nenhum;04/07/2019;masculino solteiro;radio/tv;ruim
4576;4;27;nenhum;05/07/2018;masculino solteiro;carro usado;bom
